sortedDistribution,
2344.2364999845286,
3054.118250027451,
4645.439700063777,
